{
  "mean": [
    19.091932457786115,
    54.35647279549718,
    2.7058996973381464,
    0.7967312933369739,
    0.025906755849691973,
    25.5858636772439,
    0.1868529811185212,
    0.9718574108818011,
    19908.254786932343,
    135.58872093557727
  ],
  "scale": [
    91.57027561286101,
    216.84082692543203,
    0.8711467862770411,
    0.5037525974553301,
    0.1522618617183713,
    16.937747388318737,
    0.1459891524915314,
    0.1653801191072346,
    16061.35145709246,
    59.79103628272895
  ],
  "model_offset": -0.6262395132115117
}